{"Test linear PSNR": 21.840009689331055, "Test model PSNR": 23.01289176940918, "_timestamp": 1677692864.5281594, "_runtime": 16.30948829650879, "_step": 19, "training loss": 0.0033379520755261183, "_wandb": {"runtime": 15}}