{"l.name": 0.0017603401793166995, "_timestamp": 1677692375.0323377, "_runtime": 93.84384965896606, "_step": 399, "_wandb": {"runtime": 93}}