{"l.name": 0.003171505406498909, "_timestamp": 1677692589.4730816, "_runtime": 16.744250535964966, "_step": 39, "_wandb": {"runtime": 15}}