{"l.name": 0.003755028359591961, "_timestamp": 1677692705.0517821, "_runtime": 16.072362184524536, "_step": 49, "Test linear PSNR": 21.84027099609375, "Test model PSNR": 23.013410568237305, "_wandb": {"runtime": 15}}