{"l.name": 0.0023518893867731094, "_timestamp": 1677692540.2335567, "_runtime": 20.458014726638794, "_step": 59, "_wandb": {"runtime": 20}}